
--Fornecedor de decoracao com dois temas diferentes
INSERT INTO TIPO_FORNECEDOR(CNPJ, TIPO_FORNECEDOR) VALUES ('11.111.111/1111-11', 'GERAL');
INSERT INTO FORNECEDOR_GERAL(CNPJ, NOME, EMAIL, TELEFONE, DESCRICAO, TIPO_GERAL) VALUES ('11.111.111/1111-11', 'Magazine 25', 'MAGAZINE25@GMAIL.COM', 1600000000, 'Uma loja de decoracao infantil', 'DECORACAO');
INSERT INTO DECORACAO(CNPJ) VALUES ('11.111.111/1111-11');
INSERT INTO TEMA(CNPJ, TEMA) VALUES ('11.111.111/1111-11', 'HOMEM-ARANHA');
INSERT INTO TEMA(CNPJ, TEMA) VALUES ('11.111.111/1111-11', 'JAPAO');

--Fornecedor de decoracao com dois temas diferentes
INSERT INTO TIPO_FORNECEDOR(CNPJ, TIPO_FORNECEDOR) VALUES ('26.269.739/0001-90', 'GERAL');
INSERT INTO FORNECEDOR_GERAL(CNPJ, NOME, EMAIL, TELEFONE, DESCRICAO, TIPO_GERAL) VALUES ('26.269.739/0001-90', 'Brindar', 'BRINDAR@GMAIL.COM', 1611111111, 'Uuma loja de decoracao para festas', 'DECORACAO');
INSERT INTO DECORACAO(CNPJ) VALUES ('26.269.739/0001-90');
INSERT INTO TEMA(CNPJ, TEMA) VALUES ('26.269.739/0001-90', 'PRIMAVERA');
INSERT INTO TEMA(CNPJ, TEMA) VALUES ('26.269.739/0001-90', 'OUTONO');

--buffet com duas comidas e duas bebidas
INSERT INTO TIPO_FORNECEDOR(CNPJ, TIPO_FORNECEDOR) VALUES ('26.269.739/0001-91', 'GERAL');
INSERT INTO FORNECEDOR_GERAL(CNPJ, NOME, EMAIL, TELEFONE, DESCRICAO, TIPO_GERAL) VALUES ('26.269.739/0001-91', 'Buffet Franca', 'BUFFETFRANCA@GMAIL.COM', 1622222222, 'Buffet fino', 'BUFFET');
INSERT INTO BUFFET(CNPJ) VALUES ('26.269.739/0001-91');
INSERT INTO COMIDA(CNPJ, PRATO) VALUES ('26.269.739/0001-91', 'Estrogonofe');
INSERT INTO COMIDA(CNPJ, PRATO) VALUES ('26.269.739/0001-91', 'Salmao');
INSERT INTO BEBIDA(CNPJ, BEBIDA) VALUES ('26.269.739/0001-91', 'Suco de uva');
INSERT INTO BEBIDA(CNPJ, BEBIDA) VALUES ('26.269.739/0001-91', 'Vinho do Porto');

--buffet com duas comidas e duas bebidas
INSERT INTO TIPO_FORNECEDOR(CNPJ, TIPO_FORNECEDOR) VALUES ('26.269.739/0001-92', 'GERAL');
INSERT INTO FORNECEDOR_GERAL(CNPJ, NOME, EMAIL, TELEFONE, DESCRICAO, TIPO_GERAL) VALUES ('26.269.739/0001-92', 'Cafe Tropical', 'cafetropical@gmail.com', 1633333333, 'Buffet popular', 'BUFFET');
INSERT INTO BUFFET(CNPJ) VALUES ('26.269.739/0001-92');
INSERT INTO COMIDA(CNPJ, PRATO) VALUES ('26.269.739/0001-92', 'Feijoada');
INSERT INTO COMIDA(CNPJ, PRATO) VALUES ('26.269.739/0001-92', 'Frango assado');
INSERT INTO BEBIDA(CNPJ, BEBIDA) VALUES ('26.269.739/0001-92', 'Suco de laranja');
INSERT INTO BEBIDA(CNPJ, BEBIDA) VALUES ('26.269.739/0001-92', 'Agua com gas');

--fornecedor infantil de brinquedos com 2 brinquedos
INSERT INTO TIPO_FORNECEDOR(CNPJ, TIPO_FORNECEDOR) VALUES ('26.269.739/0001-93', 'INFANTIL');
INSERT INTO FORNECEDOR_INFANTIL(CNPJ, NOME, EMAIL, TELEFONE, DESCRICAO, TIPO_INFANTIL) VALUES ('26.269.739/0001-93', 'Play Art Brinquedos', 'playart@gmail.com', 1644444444, 'Brinquedos para a diversao de todas as criancas', 'BRINQUEDO');
INSERT INTO FORNECEDOR_BRINQUEDOS(CNPJ) VALUES ('26.269.739/0001-93');
INSERT INTO BRINQUEDO(CNPJ, NOME, IDADE_RECOMENDADA) VALUES ('26.269.739/0001-93', 'Cama elastica', 6 );
--FOTO DO BRINQUEDO
INSERT INTO BRINQUEDO(CNPJ, NOME, IDADE_RECOMENDADA) VALUES ('26.269.739/0001-93', 'Piscina de bolinha', 3);
--FOTO DO BRINQUEDO

--fornecedor infantil de brinquedos com 2 brinquedos
INSERT INTO TIPO_FORNECEDOR(CNPJ, TIPO_FORNECEDOR) VALUES ('26.269.739/0001-94', 'INFANTIL');
INSERT INTO FORNECEDOR_INFANTIL(CNPJ, NOME, EMAIL, TELEFONE, DESCRICAO, TIPO_INFANTIL) VALUES ('26.269.739/0001-94', 'Magic Fest', 'magicfest@gmail.com', 1655555555, 'A Magic Fest eh especialista na locacao de brinquedos para festas e aluguel', 'BRINQUEDO');
INSERT INTO FORNECEDOR_BRINQUEDOS(CNPJ) VALUES ('26.269.739/0001-94');
INSERT INTO BRINQUEDO(CNPJ, NOME, IDADE_RECOMENDADA) VALUES ('26.269.739/0001-94', 'Escorregador', 6 );
--FOTO DO BRINQUEDO
INSERT INTO BRINQUEDO(CNPJ, NOME, IDADE_RECOMENDADA) VALUES ('26.269.739/0001-94', 'Castelo inflavel', 4);
--FOTO DO BRINQUEDO

--fornecedor infantil do tipo doceria com 2 bolos e 2 doces
INSERT INTO TIPO_FORNECEDOR(CNPJ, TIPO_FORNECEDOR) VALUES ('26.269.739/0001-95', 'INFANTIL');
INSERT INTO FORNECEDOR_INFANTIL(CNPJ, NOME, EMAIL, TELEFONE, DESCRICAO, TIPO_INFANTIL) VALUES ('26.269.739/0001-95', 'Doceria Bom Bocado', 'bombocado@gmail.com', 1666666666, 'Uma doceria unica', 'DOCERIA');
INSERT INTO DOCERIA(CNPJ) VALUES ('26.269.739/0001-95');
INSERT INTO BOLOS(CNPJ, SABOR) VALUES ('26.269.739/0001-95', 'Chocolate');
INSERT INTO BOLOS(CNPJ, SABOR) VALUES ('26.269.739/0001-95', 'Morango');
INSERT INTO DOCES(CNPJ, NOME) VALUES ('26.269.739/0001-95', 'Brigadeiro');
INSERT INTO DOCES(CNPJ, NOME) VALUES ('26.269.739/0001-95', 'Beijinho');

--fornecedor infantil do tipo doceria com 2 bolos e 2 doces
INSERT INTO TIPO_FORNECEDOR(CNPJ, TIPO_FORNECEDOR) VALUES ('26.269.739/0001-96', 'INFANTIL');
INSERT INTO FORNECEDOR_INFANTIL(CNPJ, NOME, EMAIL, TELEFONE, DESCRICAO, TIPO_INFANTIL) VALUES ('26.269.739/0001-96', 'Sodie Doces', 'sodie@gmail.com', 1677777777, 'Bolos e doces artesanais dos mais diversos sabores', 'DOCERIA');
INSERT INTO DOCERIA(CNPJ) VALUES ('26.269.739/0001-96');
INSERT INTO BOLOS(CNPJ, SABOR) VALUES ('26.269.739/0001-96', 'Morango trufado');
INSERT INTO BOLOS(CNPJ, SABOR) VALUES ('26.269.739/0001-96', 'Alpino');
INSERT INTO DOCES(CNPJ, NOME) VALUES ('26.269.739/0001-96', 'Pe de Moleque');
INSERT INTO DOCES(CNPJ, NOME) VALUES ('26.269.739/0001-96', 'Pirulito');

--fornecedor formatura do tipo bebida com 2 marcas
INSERT INTO TIPO_FORNECEDOR(CNPJ, TIPO_FORNECEDOR) VALUES ('26.269.739/0001-97', 'FORMATURA');
INSERT INTO FORNECEDOR_FORMATURA(CNPJ, NOME, EMAIL, TELEFONE, DESCRICAO, TIPO_FORMATURA) VALUES ('26.269.739/0001-97', 'Distribuidora Alianca', 'alianca@gmail.com', 1688888888, 'Uma distribuidora com 50 anos de tradicao', 'BEBIDA_ALCOOLICA');
INSERT INTO BEBIDA_ALCOOLICA(CNPJ) VALUES ('26.269.739/0001-97');
INSERT INTO MARCAS(CNPJ, MARCA) VALUES ('26.269.739/0001-97', 'Johnny Walker');
INSERT INTO MARCAS(CNPJ, MARCA) VALUES ('26.269.739/0001-97', 'Chandon');

--fornecedor formatura do tipo bebida com 2 marcas
INSERT INTO TIPO_FORNECEDOR(CNPJ, TIPO_FORNECEDOR) VALUES ('26.269.739/0001-98', 'FORMATURA');
INSERT INTO FORNECEDOR_FORMATURA(CNPJ, NOME, EMAIL, TELEFONE, DESCRICAO, TIPO_FORMATURA) VALUES ('26.269.739/0001-98', 'Cerval', 'cerval@gmail.com', 1699999999, 'Uma distribuidora em conta', 'BEBIDA_ALCOOLICA');
INSERT INTO BEBIDA_ALCOOLICA(CNPJ) VALUES ('26.269.739/0001-98');
INSERT INTO MARCAS(CNPJ, MARCA) VALUES ('26.269.739/0001-98', 'Corote');
INSERT INTO MARCAS(CNPJ, MARCA) VALUES ('26.269.739/0001-98', 'Glacial');

--fornecedor formatura do tipo banda com 2 generos
INSERT INTO TIPO_FORNECEDOR(CNPJ, TIPO_FORNECEDOR) VALUES ('26.269.739/0001-99', 'FORMATURA');
INSERT INTO FORNECEDOR_FORMATURA(CNPJ, NOME, EMAIL, TELEFONE, DESCRICAO, TIPO_FORMATURA) VALUES ('26.269.739/0001-99', 'Opera Soul', 'operasoul@gmail.com', 1600000001, 'Banda tradicional', 'BANDA');
INSERT INTO BANDA(CNPJ) VALUES ('26.269.739/0001-99');
INSERT INTO GENEROS(CNPJ, GENERO) VALUES ('26.269.739/0001-99', 'Romantico');
INSERT INTO GENEROS(CNPJ, GENERO) VALUES ('26.269.739/0001-99', 'Classico');

--fornecedor formatura do tipo banda com 2 generos
INSERT INTO TIPO_FORNECEDOR(CNPJ, TIPO_FORNECEDOR) VALUES ('26.269.739/0001-10', 'FORMATURA');
INSERT INTO FORNECEDOR_FORMATURA(CNPJ, NOME, EMAIL, TELEFONE, DESCRICAO, TIPO_FORMATURA) VALUES ('26.269.739/0001-10', 'General Lee', 'generalee@gmail.com', 1600000002, 'Banda diferenciada', 'BANDA');
INSERT INTO BANDA(CNPJ) VALUES ('26.269.739/0001-10');
INSERT INTO GENEROS(CNPJ, GENERO) VALUES ('26.269.739/0001-10', 'Metal');
INSERT INTO GENEROS(CNPJ, GENERO) VALUES ('26.269.739/0001-10', 'Punk');

--1 cliente fisico
INSERT INTO CLIENTE(CODIGO, NATUREZA, EMAIL, TELEFONE) VALUES (1, 'FISICO', 'jubileu.silva@gmail.com', 1612312312);
INSERT INTO CLIENTE_FISICO(NOME, CPF, CODIGO) VALUES ('Jubileu Silva', '400.560.298-61', 1);

--1 cliente fisico
INSERT INTO CLIENTE(CODIGO, NATUREZA, EMAIL, TELEFONE) VALUES (2, 'FISICO', 'marcos.santos@gmail.com', 1645645645);
INSERT INTO CLIENTE_FISICO(NOME, CPF, CODIGO) VALUES ('Marcos Santos', '400.560.298-60', 2);

--1 cliente juridico com 1 representante
INSERT INTO CLIENTE(CODIGO, NATUREZA, EMAIL, TELEFONE) VALUES (3, 'JURIDICO', 'saber@gmail.com', 16333333333);
INSERT INTO REPRESENTANTE(CPF, NOME) VALUES ('455.568.298-61', 'Ricardo Martins');
INSERT INTO CLIENTE_JURIDICO(CNPJ, RAZAO_SOCIAL, NOME_FANTASIA, REPRESENTANTE, CODIGO) VALUES ('33.333.333/3333-33', 'Esc Saber', 'Escola Saber', '455.568.298-61', 3);


--1 cliente juridico com 1 representante
INSERT INTO CLIENTE(CODIGO, NATUREZA, EMAIL, TELEFONE) VALUES (4, 'JURIDICO', 'colegio.ludico@gmail.com', 1644444444);
INSERT INTO REPRESENTANTE(CPF, NOME) VALUES ('455.568.298-60', 'Alberto Marraccini');
INSERT INTO CLIENTE_JURIDICO(CNPJ, RAZAO_SOCIAL, NOME_FANTASIA, REPRESENTANTE, CODIGO) VALUES ('44.444.444/4444-44', 'Col Ludic', 'Colegio Ludico', '455.568.298-60', 4);

--1 formando
INSERT INTO FORMANDO(CPF, NOME) VALUES ('555.555.555-00', 'Gabriel Rezende');

--1 formando
INSERT INTO FORMANDO(CPF, NOME) VALUES ('555.555.555-01', 'Samuel Akira');

--1 funcionario do tipo supervisor
INSERT INTO FUNCIONARIO(CPF, NOME, EMAIL, TELEFONE, SALARIO, BANCO, AGENCIA, NUMERO, ENDERECO, CARGO) 
    VALUES ('777.777.777-00', 'Astolfo Santos', 'astolfo.santos@gmail.com', 16997989798, 4000.00, 150, 97989, 97989798, 'Rua Brasil, 97', 'SUPERVISOR');
INSERT INTO SUPERVISOR(CPF) VALUES('777.777.777-00');

--1 funcionario do tipo supervisor
INSERT INTO FUNCIONARIO(CPF, NOME, EMAIL, TELEFONE, SALARIO, BANCO, AGENCIA, NUMERO, ENDERECO, CARGO) 
    VALUES ('777.777.777-01', 'Lucas Silva', 'lucas.silva@gmail.com', 16997969796, 4100.55, 150, 97969, 97969796, 'Rua Alemanha, 71', 'SUPERVISOR');
INSERT INTO SUPERVISOR(CPF) VALUES('777.777.777-01');

--1 funcionario do tipo vendedor
INSERT INTO FUNCIONARIO(CPF, NOME, EMAIL, TELEFONE, SALARIO, BANCO, AGENCIA, NUMERO, ENDERECO, CARGO) 
    VALUES ('777.777.777-02', 'Jose Drummond', 'jose.drummond@gmail.com', 16996959695, 3500.21, 150, 96959, 96959695, 'Rua Italia, 94', 'VENDEDOR');
INSERT INTO VENDEDOR(CPF) VALUES('777.777.777-02');

--1 funcionario do tipo vendedor
INSERT INTO FUNCIONARIO(CPF, NOME, EMAIL, TELEFONE, SALARIO, BANCO, AGENCIA, NUMERO, ENDERECO, CARGO) 
    VALUES ('777.777.777-03', 'Carlos Alberto', 'carlos.alberto@gmail.com', 16995949594, 3500.29, 150, 95949, 95949594, 'Rua Portugal, 94', 'VENDEDOR');
INSERT INTO VENDEDOR(CPF) VALUES('777.777.777-03');

--1 local
INSERT INTO LOCAL(CEP, NUMERO, NOME, CAPACIDADE, EMAIL, TELEFONE) VALUES('11111-000', 55, 'Espaco Primavera', 500, 'espaco.primavera@gmail.com', 1611223344);

--1 festa de formatura
INSERT INTO FESTA(CEP, NUMERO, DATA_HORA, TIPO, NRO_CONVIDADOS, DURACAO, LUCRO, NF_LOCAL, PRECO_LOCAL, CODIGO)
    VALUES ('11111-000', 55, TO_DATE('2018/07/01 19:30:00', 'YYYY/MM/DD HH24:MI:SS'), 'FORMATURA', 300, 180, 20, '11-11', 2999.99, 1);

--1 supervisor para a festa de codigo 1
INSERT INTO SUPERVISIONA(SUPERVISOR, FESTA) VALUES ('777.777.777-01', 1);

--1 local
INSERT INTO LOCAL(CEP, NUMERO, NOME, CAPACIDADE, EMAIL, TELEFONE) VALUES('11111-000', 90, 'Espaco Outono', 700, 'espaco.outono@gmail.com', 1644332211);

--1 festa de formatura
INSERT INTO FESTA(CEP, NUMERO, DATA_HORA, TIPO, NRO_CONVIDADOS, DURACAO, LUCRO, NF_LOCAL, PRECO_LOCAL, CODIGO)
    VALUES ('11111-000', 90, TO_DATE('2018/07/01 19:30:00', 'YYYY/MM/DD HH24:MI:SS'), 'FORMATURA', 500, 240, 20, '22-22', 3999.99, 2);
    
--1 supervisor para a festa de codigo 2
INSERT INTO SUPERVISIONA(SUPERVISOR, FESTA) VALUES ('777.777.777-00', 2);

--2 tuplas do relacionamento "fornece" com 2 itens cada uma
INSERT INTO FORNECE
    VALUES('11.111.111/1111-11', 1, '5789412326659884512365');
INSERT INTO ITEM_FORNECE
    VALUES('11.111.111/1111-11', 1, 'Balões', 60, 0.50);
INSERT INTO ITEM_FORNECE
    VALUES('11.111.111/1111-11', 1, 'Confete', 100, 0.20);

INSERT INTO FORNECE
    VALUES('26.269.739/0001-91', 2, '5986523214598785526221');
INSERT INTO ITEM_FORNECE
    VALUES('26.269.739/0001-91', 2, 'Vinho', 20, 10);
INSERT INTO ITEM_FORNECE
    VALUES('26.269.739/0001-91', 2, 'Whisky', 50, 3.70);
    

--2 festas de aniversário
INSERT INTO FESTA(CEP, NUMERO, DATA_HORA, TIPO, NRO_CONVIDADOS, DURACAO, LUCRO, NF_LOCAL, PRECO_LOCAL, CODIGO)
    VALUES ('11111-000', 55, TO_DATE('2018/08/20 20:30:00', 'YYYY/MM/DD HH24:MI:SS'), 'ANIVERSARIO', 50, 200, 10, '98745632159698', 1500, 3);
INSERT INTO ANIVERSARIO
    VALUES(3, 'Julio', 15, 'Homem-Aranha');
    
INSERT INTO FESTA(CEP, NUMERO, DATA_HORA, TIPO, NRO_CONVIDADOS, DURACAO, LUCRO, NF_LOCAL, PRECO_LOCAL, CODIGO)
    VALUES ('11111-000', 90, TO_DATE('2018/10/20 22:30:00', 'YYYY/MM/DD HH24:MI:SS'), 'ANIVERSARIO', 100, 300, 10, '98745632969652', 2000, 4);
INSERT INTO ANIVERSARIO
    VALUES(4, 'Ana', 14, 'Narnia');

--2 tuplas da relação "anima_aniversario"    
INSERT INTO ANIMA_ANIVERSARIO
    VALUES(3, '26.269.739/0001-93', '548796312154952');
INSERT INTO ANIMA_ANIVERSARIO
    VALUES(4, '26.269.739/0001-95', '544845165455552');
    
--2 itens para cada tabela acima
INSERT INTO ITEM_ANIVERSARIO
    VALUES(3, '26.269.739/0001-93', 'Pula-Pula', 2, 50);
INSERT INTO ITEM_ANIVERSARIO
    VALUES(3, '26.269.739/0001-93', 'Piscina de bolinhas', 5, 80);
    
INSERT INTO ITEM_ANIVERSARIO
    VALUES(4, '26.269.739/0001-95', 'Brigadeiro', 20, 2);
INSERT INTO ITEM_ANIVERSARIO
    VALUES(4, '26.269.739/0001-95', 'Beijinho', 50, 1.50);
    
--2 festas de formatura
INSERT INTO FORMATURA
    VALUES(1, 'Colégio Ludico', 'Turma 2', 50);
INSERT INTO FORMATURA
    VALUES(2, 'João Belarmino ETEC', 'Turma 1', 80);
    
--2 tuplas da relação anima_formatura
INSERT INTO ANIMA_FORMATURA
    VALUES(1, '26.269.739/0001-97', '5487121354451258');
INSERT INTO ANIMA_FORMATURA
    VALUES(2, '26.269.739/0001-99', '5845121654885121');
    
--2 itens para cada tabela acima
INSERT INTO ITEM_FORMATURA
    VALUES(1, '26.269.739/0001-97', 'Cerveja', 100, 4.20);
INSERT INTO ITEM_FORMATURA
    VALUES(1, '26.269.739/0001-97', 'Vodka', 20, 8.80);
    
INSERT INTO ITEM_FORMATURA
    VALUES(2, '26.269.739/0001-99', 'Pagode', 1, 800);
INSERT INTO ITEM_FORMATURA
    VALUES(2, '26.269.739/0001-99', 'Rock', 1, 1500);
    
--2 tuplas da relação compra_convite
INSERT INTO COMPRA_CONVITE
    VALUES(1, '555.555.555-00', 15, '488663254785');
INSERT INTO COMPRA_CONVITE
    VALUES(2, '555.555.555-01', 5, '489569254785');
    
--2 tuplas da relação contrato
INSERT INTO CONTRATO
    VALUES(1, '777.777.777-02', 2, '548963231478965', 830);
INSERT INTO CONTRATO
    VALUES(3, '777.777.777-03', 1, '584931245798265', 1370);

